{
  "__comment": "Instructions: https://mods.blakebr0.com/docs/cucumber/tags-config",
  "forge:ingots/constantan": "thermal:constantan_ingot",
  "forge:ingots/tungsten": "null",
  "forge:ingots/tin": "thermal:tin_ingot",
  "forge:gems/sapphire": "thermal:sapphire",
  "forge:ingots/bronze": "thermal:bronze_ingot",
  "forge:ingots/copper": "create:copper_ingot",
  "forge:ingots/lumium": "thermal:lumium_ingot",
  "forge:ingots/electrum": "thermal:electrum_ingot",
  "forge:silicon": "refinedstorage:silicon",
  "forge:gems/apatite": "thermal:apatite",
  "forge:ingots/silver": "thermal:silver_ingot",
  "forge:dusts/saltpeter": "bloodmagic:saltpeter",
  "forge:ingots/steel": "mekanism:ingot_steel",
  "forge:ingots/platinum": "null",
  "forge:ingots/lead": "thermal:lead_ingot",
  "forge:ingots/graphite": "bigreactors:graphite_ingot",
  "forge:ingots/uranium": "mekanism:ingot_uranium",
  "forge:ingots/aluminum": "immersiveengineering:ingot_aluminum",
  "forge:ingots/mithril": "null",
  "forge:ingots/iridium": "null",
  "forge:ingots/zinc": "create:zinc_ingot",
  "forge:ingots/signalum": "thermal:signalum_ingot",
  "forge:ingots/invar": "thermal:invar_ingot",
  "forge:gems/ruby": "thermal:ruby",
  "forge:dusts/niter": "thermal:niter_dust",
  "forge:ingots/chrome": "null",
  "forge:ingots/brass": "create:brass_ingot",
  "forge:ingots/enderium": "thermal:enderium_ingot",
  "forge:ingots/titanium": "null",
  "forge:rubber": "null",
  "forge:dusts/sulfur": "bloodmagic:sulfur",
  "forge:ingots/nickel": "thermal:nickel_ingot"
}